id,display_name,description,priority,start_date,end_date
1,report 1,This is description of this silly report,Medium,2019-05-20,2021-04-13
2,report 2,And, it will be researched.  I assure you, Dr. Jones.  We have top men working on it now.  Top men.,Medium,2019-03-13,2021-01-19
3,report 3,I am still working on this report,Critical,2019-03-01,2020-10-23
4,report 4,And, it will be researched.  I assure you, Dr. Jones.  We have top men working on it now.  Top men.,Critical,2016-08-10,2021-03-28
5,report 5,I am still working on this report,Critical,2015-05-26,2020-02-26
6,report 6,This report might contain malware so please be careful,Critical,2016-03-10,2020-01-10
7,report 7,I am still working on this report,Medium,2018-08-15,2020-05-17
8,report 8,And, it will be researched.  I assure you, Dr. Jones.  We have top men working on it now.  Top men.,High,2019-04-13,2021-03-19
9,report 9,I am still working on this report,Low,2018-07-15,2021-11-26
10,report 10,And, it will be researched.  I assure you, Dr. Jones.  We have top men working on it now.  Top men.,Critical,2018-09-26,2021-06-24
11,report 11,This is description of this silly report,Low,2016-08-12,2021-06-04
12,report 12,Unknown Report,Medium,2019-06-26,2020-03-28
13,report 13,This report might contain malware so please be careful,High,2016-12-18,2020-08-17
14,report 14,The O'reilly group is still investigating this for CUI,High,2018-10-31,2021-10-04
15,report 15,I am still working on this report,High,2018-10-21,2021-05-20
16,report 16,Unknown Report,High,2016-05-03,2020-10-06
17,report 17,I am still working on this report,High,2016-12-26,2020-12-16
18,report 18,This is description of this silly report,Critical,2016-05-20,2021-10-04
19,report 19,The ark is a source of unspeakable power and it has to be researched.,High,2015-10-26,2021-02-27
20,report 20,This is description of this silly report,Critical,2015-09-20,2021-11-05
21,report 21,I am still working on this report,Low,2018-02-08,2021-10-22
22,report 22,And, it will be researched.  I assure you, Dr. Jones.  We have top men working on it now.  Top men.,Medium,2015-06-04,2021-07-28
23,report 23,I am still working on this report,Critical,2019-07-23,2021-10-31
24,report 24,This is description of this silly report,Low,2016-01-20,2021-09-05
25,report 25,I am still working on this report,Medium,2018-08-16,2021-07-10
26,report 26,This report might contain malware so please be careful,High,2015-07-29,2020-12-06
27,report 27,The ark is a source of unspeakable power and it has to be researched.,High,2016-07-07,2020-05-04
28,report 28,The ark is a source of unspeakable power and it has to be researched.,Low,2017-12-26,2021-07-06
29,report 29,And, it will be researched.  I assure you, Dr. Jones.  We have top men working on it now.  Top men.,Critical,2015-07-11,2021-03-27
30,report 30,The ark is a source of unspeakable power and it has to be researched.,Critical,2015-09-03,2020-04-28
31,report 31,This is description of this silly report,Low,2015-07-10,2021-07-22
32,report 32,And, it will be researched.  I assure you, Dr. Jones.  We have top men working on it now.  Top men.,Medium,2017-03-13,2021-10-16
33,report 33,And, it will be researched.  I assure you, Dr. Jones.  We have top men working on it now.  Top men.,Critical,2016-06-06,2020-08-19
34,report 34,Unknown Report,Medium,2019-07-23,2020-06-07
35,report 35,And, it will be researched.  I assure you, Dr. Jones.  We have top men working on it now.  Top men.,Medium,2017-06-15,2021-11-23
36,report 36,This report might contain malware so please be careful,Medium,2017-07-21,2020-07-25
37,report 37,This is description of this silly report,Medium,2018-11-21,2020-01-14
38,report 38,I am still working on this report,Medium,2017-02-10,2020-04-17
39,report 39,The O'reilly group is still investigating this for CUI,Critical,2016-06-11,2020-02-28
40,report 40,This report might contain malware so please be careful,Medium,2017-01-02,2020-12-10
41,report 41,This report might contain malware so please be careful,Medium,2015-09-28,2021-02-16
42,report 42,And, it will be researched.  I assure you, Dr. Jones.  We have top men working on it now.  Top men.,High,2019-10-15,2021-06-27
43,report 43,And, it will be researched.  I assure you, Dr. Jones.  We have top men working on it now.  Top men.,High,2019-09-24,2021-10-21
44,report 44,The O'reilly group is still investigating this for CUI,Medium,2019-09-06,2021-09-11
45,report 45,Unknown Report,Critical,2017-01-15,2020-08-29
46,report 46,This is description of this silly report,Low,2018-12-07,2021-08-05
47,report 47,Unknown Report,Low,2015-09-21,2021-12-15
48,report 48,The O'reilly group is still investigating this for CUI,Low,2015-07-27,2020-08-20
49,report 49,The ark is a source of unspeakable power and it has to be researched.,Critical,2017-09-18,2020-03-21
50,report 50,This report might contain malware so please be careful,Low,2018-02-19,2020-07-11
51,report 51,And, it will be researched.  I assure you, Dr. Jones.  We have top men working on it now.  Top men.,Medium,2017-04-10,2021-04-29
52,report 52,This report might contain malware so please be careful,High,2015-03-02,2020-11-06
53,report 53,And, it will be researched.  I assure you, Dr. Jones.  We have top men working on it now.  Top men.,High,2019-06-13,2020-04-06
54,report 54,The O'reilly group is still investigating this for CUI,Critical,2016-09-23,2020-08-20
55,report 55,The ark is a source of unspeakable power and it has to be researched.,High,2018-07-01,2021-03-31
56,report 56,The O'reilly group is still investigating this for CUI,Medium,2015-01-29,2021-10-25
57,report 57,The O'reilly group is still investigating this for CUI,High,2017-05-17,2020-03-24
58,report 58,I am still working on this report,Low,2017-10-12,2021-01-26
59,report 59,Unknown Report,Low,2017-07-26,2021-03-17
60,report 60,The ark is a source of unspeakable power and it has to be researched.,Critical,2016-04-24,2020-07-24
61,report 61,I am still working on this report,Medium,2019-11-02,2021-05-02
62,report 62,The ark is a source of unspeakable power and it has to be researched.,Medium,2016-03-24,2021-12-25
63,report 63,This report might contain malware so please be careful,Critical,2018-12-05,2021-12-25
64,report 64,This is description of this silly report,High,2017-01-25,2021-02-15
65,report 65,This report might contain malware so please be careful,Low,2019-06-22,2020-12-02
66,report 66,This is description of this silly report,Critical,2016-09-01,2020-05-27
67,report 67,And, it will be researched.  I assure you, Dr. Jones.  We have top men working on it now.  Top men.,Critical,2016-07-14,2021-11-10
68,report 68,This is description of this silly report,Medium,2017-02-08,2020-08-19
69,report 69,I am still working on this report,Medium,2015-07-07,2021-04-10
70,report 70,This is description of this silly report,Low,2015-08-20,2020-07-29
71,report 71,This is description of this silly report,High,2015-01-02,2020-07-08
72,report 72,And, it will be researched.  I assure you, Dr. Jones.  We have top men working on it now.  Top men.,High,2018-09-27,2021-08-03
73,report 73,This is description of this silly report,Critical,2018-06-09,2021-01-08
74,report 74,The O'reilly group is still investigating this for CUI,Low,2015-11-04,2020-05-16
75,report 75,This is description of this silly report,Medium,2017-03-25,2021-01-20
76,report 76,The O'reilly group is still investigating this for CUI,Low,2016-07-01,2021-05-30
77,report 77,The O'reilly group is still investigating this for CUI,Critical,2015-01-26,2020-03-02
78,report 78,This report might contain malware so please be careful,Low,2018-03-09,2021-11-04
79,report 79,The ark is a source of unspeakable power and it has to be researched.,Critical,2015-02-28,2020-07-13
80,report 80,The O'reilly group is still investigating this for CUI,Medium,2015-12-26,2020-02-01
81,report 81,And, it will be researched.  I assure you, Dr. Jones.  We have top men working on it now.  Top men.,Critical,2019-04-15,2021-05-13
82,report 82,Unknown Report,Medium,2017-05-09,2020-11-13
83,report 83,The O'reilly group is still investigating this for CUI,High,2018-12-11,2020-11-21
84,report 84,And, it will be researched.  I assure you, Dr. Jones.  We have top men working on it now.  Top men.,High,2018-07-07,2021-11-20
85,report 85,Unknown Report,Low,2019-09-26,2020-05-25
86,report 86,Unknown Report,Low,2017-10-26,2021-01-19
87,report 87,This is description of this silly report,Low,2016-09-30,2021-04-14
88,report 88,This is description of this silly report,Low,2018-12-23,2020-09-28
89,report 89,This report might contain malware so please be careful,Low,2018-03-20,2020-12-13
90,report 90,The ark is a source of unspeakable power and it has to be researched.,High,2016-12-31,2021-06-14
91,report 91,Unknown Report,Medium,2016-08-20,2020-04-08
92,report 92,This is description of this silly report,Medium,2016-12-05,2020-04-30
93,report 93,Unknown Report,Medium,2019-04-18,2021-11-29
94,report 94,The O'reilly group is still investigating this for CUI,Medium,2015-06-05,2021-12-26
95,report 95,The ark is a source of unspeakable power and it has to be researched.,Low,2018-12-24,2021-06-17
96,report 96,I am still working on this report,Critical,2019-01-25,2021-02-04
97,report 97,And, it will be researched.  I assure you, Dr. Jones.  We have top men working on it now.  Top men.,Critical,2019-06-08,2021-12-26
98,report 98,The ark is a source of unspeakable power and it has to be researched.,Medium,2019-08-09,2021-03-01
99,report 99,I am still working on this report,Low,2018-09-02,2020-03-06
100,report 100,This report might contain malware so please be careful,Medium,2015-03-07,2020-08-07
101,report 101,This report might contain malware so please be careful,Medium,2015-11-18,2021-06-14
102,report 102,Unknown Report,Low,2019-05-01,2021-12-08
103,report 103,I am still working on this report,Low,2015-01-06,2020-12-25
104,report 104,The ark is a source of unspeakable power and it has to be researched.,Low,2015-06-26,2021-10-28
105,report 105,And, it will be researched.  I assure you, Dr. Jones.  We have top men working on it now.  Top men.,Critical,2017-08-11,2020-05-05
106,report 106,This is description of this silly report,Critical,2019-02-07,2021-02-26
107,report 107,This report might contain malware so please be careful,Critical,2016-03-12,2020-03-25
108,report 108,And, it will be researched.  I assure you, Dr. Jones.  We have top men working on it now.  Top men.,Low,2019-06-21,2020-09-10
109,report 109,Unknown Report,Medium,2018-12-02,2021-07-11
110,report 110,The O'reilly group is still investigating this for CUI,Medium,2015-08-28,2020-02-17
111,report 111,I am still working on this report,Critical,2019-07-30,2021-10-23
112,report 112,And, it will be researched.  I assure you, Dr. Jones.  We have top men working on it now.  Top men.,High,2017-11-25,2021-11-06
113,report 113,The O'reilly group is still investigating this for CUI,High,2019-06-05,2020-04-10
114,report 114,The ark is a source of unspeakable power and it has to be researched.,Critical,2016-12-02,2020-04-17
115,report 115,This report might contain malware so please be careful,Critical,2016-03-09,2020-09-28
116,report 116,And, it will be researched.  I assure you, Dr. Jones.  We have top men working on it now.  Top men.,Low,2016-03-09,2021-04-10
117,report 117,I am still working on this report,Low,2018-12-23,2021-07-02
118,report 118,This is description of this silly report,High,2017-04-30,2021-09-08
119,report 119,I am still working on this report,Low,2016-12-29,2021-02-06
120,report 120,And, it will be researched.  I assure you, Dr. Jones.  We have top men working on it now.  Top men.,Medium,2015-11-06,2020-08-31
121,report 121,The ark is a source of unspeakable power and it has to be researched.,Medium,2017-04-12,2020-03-17
122,report 122,And, it will be researched.  I assure you, Dr. Jones.  We have top men working on it now.  Top men.,Critical,2019-02-11,2020-08-17
123,report 123,The ark is a source of unspeakable power and it has to be researched.,Medium,2016-11-15,2021-06-08
124,report 124,The O'reilly group is still investigating this for CUI,Medium,2017-05-07,2021-04-30
125,report 125,Unknown Report,Medium,2016-04-30,2021-03-26
126,report 126,I am still working on this report,Low,2018-04-07,2020-04-07
127,report 127,And, it will be researched.  I assure you, Dr. Jones.  We have top men working on it now.  Top men.,High,2017-04-11,2020-07-25
128,report 128,This report might contain malware so please be careful,Low,2015-01-20,2021-11-13
129,report 129,This is description of this silly report,Low,2015-05-24,2021-04-27
130,report 130,The ark is a source of unspeakable power and it has to be researched.,Low,2017-05-03,2021-02-10
131,report 131,This report might contain malware so please be careful,Critical,2016-01-10,2021-07-13
132,report 132,The O'reilly group is still investigating this for CUI,Low,2015-10-21,2020-12-07
133,report 133,The ark is a source of unspeakable power and it has to be researched.,Medium,2019-09-02,2021-10-10
134,report 134,The ark is a source of unspeakable power and it has to be researched.,Medium,2018-11-09,2020-06-10
135,report 135,I am still working on this report,High,2017-06-24,2021-12-21
136,report 136,I am still working on this report,Critical,2017-02-04,2020-02-09
137,report 137,Unknown Report,High,2017-08-14,2021-02-27
138,report 138,The O'reilly group is still investigating this for CUI,High,2019-03-11,2021-04-01
139,report 139,The O'reilly group is still investigating this for CUI,Critical,2017-03-04,2021-09-20
140,report 140,The O'reilly group is still investigating this for CUI,Critical,2016-02-08,2021-12-07
141,report 141,The ark is a source of unspeakable power and it has to be researched.,Low,2017-08-05,2021-05-14
142,report 142,The O'reilly group is still investigating this for CUI,Medium,2019-09-07,2020-07-20
143,report 143,This report might contain malware so please be careful,Critical,2015-02-09,2021-10-12
144,report 144,I am still working on this report,High,2015-01-01,2021-03-12
145,report 145,And, it will be researched.  I assure you, Dr. Jones.  We have top men working on it now.  Top men.,Low,2017-08-10,2020-03-30
146,report 146,Unknown Report,Low,2019-11-26,2020-07-26
147,report 147,I am still working on this report,Low,2019-02-23,2020-03-09
148,report 148,And, it will be researched.  I assure you, Dr. Jones.  We have top men working on it now.  Top men.,Low,2015-12-05,2020-10-14
149,report 149,This report might contain malware so please be careful,High,2019-06-21,2020-09-25
150,report 150,I am still working on this report,Medium,2019-09-15,2021-01-13
151,report 151,I am still working on this report,Critical,2016-07-29,2020-09-09
152,report 152,The ark is a source of unspeakable power and it has to be researched.,Low,2018-09-11,2021-03-09
153,report 153,This report might contain malware so please be careful,Critical,2016-12-01,2021-03-06
154,report 154,This is description of this silly report,Medium,2017-07-18,2020-05-03
155,report 155,This is description of this silly report,High,2017-06-21,2021-11-17
156,report 156,This report might contain malware so please be careful,High,2019-10-14,2020-09-27
157,report 157,Unknown Report,Medium,2019-10-24,2021-07-05
158,report 158,The ark is a source of unspeakable power and it has to be researched.,Low,2019-12-02,2021-11-28
159,report 159,The O'reilly group is still investigating this for CUI,Low,2017-06-13,2020-05-17
160,report 160,The O'reilly group is still investigating this for CUI,Low,2019-06-20,2020-03-13
161,report 161,And, it will be researched.  I assure you, Dr. Jones.  We have top men working on it now.  Top men.,High,2017-10-05,2020-10-16
162,report 162,I am still working on this report,Low,2016-07-04,2020-03-02
163,report 163,I am still working on this report,Medium,2016-11-02,2020-08-31
164,report 164,The ark is a source of unspeakable power and it has to be researched.,Low,2016-03-17,2020-05-21
165,report 165,And, it will be researched.  I assure you, Dr. Jones.  We have top men working on it now.  Top men.,Low,2017-07-10,2020-10-18
166,report 166,Unknown Report,Critical,2015-12-23,2021-06-26
167,report 167,The O'reilly group is still investigating this for CUI,High,2019-11-29,2020-10-04
168,report 168,The ark is a source of unspeakable power and it has to be researched.,Low,2015-01-23,2021-03-21
169,report 169,Unknown Report,Medium,2019-04-28,2021-04-13
170,report 170,The O'reilly group is still investigating this for CUI,Medium,2018-02-03,2020-01-10
171,report 171,I am still working on this report,Critical,2018-08-29,2020-06-09
172,report 172,This is description of this silly report,Low,2015-11-11,2020-06-16
173,report 173,And, it will be researched.  I assure you, Dr. Jones.  We have top men working on it now.  Top men.,Critical,2016-10-17,2020-06-18
174,report 174,I am still working on this report,Low,2016-05-01,2020-06-08
175,report 175,The ark is a source of unspeakable power and it has to be researched.,Medium,2016-06-24,2021-02-07
176,report 176,The O'reilly group is still investigating this for CUI,Low,2016-05-23,2020-03-26
177,report 177,This is description of this silly report,High,2016-11-04,2021-03-13
178,report 178,This report might contain malware so please be careful,Critical,2018-04-03,2020-11-09
179,report 179,The ark is a source of unspeakable power and it has to be researched.,Medium,2015-01-20,2021-01-28
180,report 180,And, it will be researched.  I assure you, Dr. Jones.  We have top men working on it now.  Top men.,Medium,2019-07-23,2020-04-22
181,report 181,I am still working on this report,Medium,2017-10-03,2021-02-21
182,report 182,I am still working on this report,Low,2018-07-07,2020-03-01
183,report 183,The O'reilly group is still investigating this for CUI,Medium,2015-07-21,2020-11-10
184,report 184,The O'reilly group is still investigating this for CUI,Critical,2017-04-10,2021-11-04
185,report 185,This is description of this silly report,Medium,2018-05-28,2021-08-25
186,report 186,This report might contain malware so please be careful,High,2015-12-25,2020-05-03
187,report 187,This report might contain malware so please be careful,Medium,2015-01-08,2021-03-20
188,report 188,This is description of this silly report,Critical,2017-07-02,2021-01-04
189,report 189,The O'reilly group is still investigating this for CUI,Medium,2017-12-23,2020-03-10
190,report 190,I am still working on this report,Low,2015-06-09,2020-07-13
191,report 191,The ark is a source of unspeakable power and it has to be researched.,Low,2015-04-08,2020-04-08
192,report 192,The O'reilly group is still investigating this for CUI,High,2018-03-18,2020-04-08
193,report 193,The ark is a source of unspeakable power and it has to be researched.,High,2019-03-27,2020-12-05
194,report 194,I am still working on this report,Medium,2018-03-02,2020-12-14
195,report 195,This is description of this silly report,Medium,2015-08-01,2021-01-01
196,report 196,The O'reilly group is still investigating this for CUI,Critical,2017-12-28,2020-10-10
197,report 197,This is description of this silly report,High,2018-06-26,2020-05-05
198,report 198,The ark is a source of unspeakable power and it has to be researched.,High,2015-12-23,2020-05-18
199,report 199,This is description of this silly report,Medium,2016-05-13,2020-06-20
200,report 200,And, it will be researched.  I assure you, Dr. Jones.  We have top men working on it now.  Top men.,Low,2017-05-16,2021-08-20
201,report 201,The ark is a source of unspeakable power and it has to be researched.,Medium,2019-12-18,2020-06-07
202,report 202,The ark is a source of unspeakable power and it has to be researched.,Low,2018-02-17,2021-03-19
203,report 203,This is description of this silly report,Low,2015-11-13,2020-06-22
204,report 204,The ark is a source of unspeakable power and it has to be researched.,Critical,2019-04-26,2020-11-14
205,report 205,This report might contain malware so please be careful,Critical,2016-06-20,2020-02-11
206,report 206,This is description of this silly report,Critical,2018-10-24,2020-07-12
207,report 207,Unknown Report,Medium,2018-02-09,2020-04-29
208,report 208,The O'reilly group is still investigating this for CUI,Critical,2015-08-18,2020-07-14
209,report 209,The ark is a source of unspeakable power and it has to be researched.,Low,2017-09-25,2020-08-30
210,report 210,And, it will be researched.  I assure you, Dr. Jones.  We have top men working on it now.  Top men.,Low,2019-04-19,2021-04-29
211,report 211,Unknown Report,Medium,2017-11-27,2020-07-31
212,report 212,The O'reilly group is still investigating this for CUI,Critical,2017-04-21,2020-05-27
213,report 213,This is description of this silly report,Medium,2018-01-18,2020-02-02
214,report 214,The O'reilly group is still investigating this for CUI,Critical,2016-08-18,2020-06-21
215,report 215,This report might contain malware so please be careful,Critical,2019-04-30,2020-04-21
216,report 216,The ark is a source of unspeakable power and it has to be researched.,Medium,2016-10-01,2021-11-29
217,report 217,This report might contain malware so please be careful,Critical,2017-10-10,2021-05-11
218,report 218,This is description of this silly report,Critical,2018-06-11,2020-05-12
219,report 219,The O'reilly group is still investigating this for CUI,High,2016-07-02,2020-03-21
220,report 220,This report might contain malware so please be careful,Low,2018-05-02,2021-03-29
221,report 221,This is description of this silly report,High,2018-02-05,2020-01-01
222,report 222,The O'reilly group is still investigating this for CUI,Critical,2018-07-15,2020-07-08
223,report 223,This report might contain malware so please be careful,Medium,2015-03-07,2021-07-20
224,report 224,This is description of this silly report,Critical,2019-10-13,2021-11-14
225,report 225,I am still working on this report,Critical,2016-06-07,2020-05-09
226,report 226,This report might contain malware so please be careful,Critical,2018-10-27,2020-11-06
227,report 227,The O'reilly group is still investigating this for CUI,Low,2018-05-19,2021-02-23
228,report 228,I am still working on this report,Low,2015-04-24,2021-06-19
229,report 229,I am still working on this report,Low,2019-08-19,2020-10-29
230,report 230,The O'reilly group is still investigating this for CUI,High,2019-05-22,2021-09-27
231,report 231,Unknown Report,Critical,2018-07-29,2021-02-13
232,report 232,This is description of this silly report,Critical,2016-12-19,2021-08-07
233,report 233,The ark is a source of unspeakable power and it has to be researched.,Low,2015-11-06,2021-11-30
234,report 234,This report might contain malware so please be careful,High,2016-10-23,2020-06-24
235,report 235,Unknown Report,Low,2016-04-15,2020-11-04
236,report 236,I am still working on this report,High,2019-08-19,2020-10-10
237,report 237,I am still working on this report,Critical,2017-01-06,2020-03-14
238,report 238,And, it will be researched.  I assure you, Dr. Jones.  We have top men working on it now.  Top men.,High,2018-06-05,2021-07-24
239,report 239,The O'reilly group is still investigating this for CUI,High,2016-06-29,2021-12-14
240,report 240,Unknown Report,Low,2015-02-01,2021-12-04
241,report 241,The O'reilly group is still investigating this for CUI,High,2018-06-17,2021-12-25
242,report 242,The O'reilly group is still investigating this for CUI,Critical,2018-12-04,2020-02-05
243,report 243,The ark is a source of unspeakable power and it has to be researched.,Critical,2018-11-17,2021-02-15
244,report 244,I am still working on this report,Critical,2019-11-02,2021-09-25
245,report 245,This report might contain malware so please be careful,Low,2019-03-24,2020-03-30
246,report 246,And, it will be researched.  I assure you, Dr. Jones.  We have top men working on it now.  Top men.,Low,2019-05-04,2021-12-07
247,report 247,This report might contain malware so please be careful,Low,2016-06-07,2021-03-22
248,report 248,Unknown Report,Low,2015-01-01,2020-04-13
249,report 249,This report might contain malware so please be careful,High,2015-04-07,2020-03-27
250,report 250,And, it will be researched.  I assure you, Dr. Jones.  We have top men working on it now.  Top men.,Critical,2017-05-16,2020-10-26
251,report 251,This is description of this silly report,Medium,2019-10-25,2021-01-07
252,report 252,Unknown Report,Medium,2018-05-08,2020-08-09
253,report 253,This report might contain malware so please be careful,Critical,2019-02-17,2021-09-06
254,report 254,And, it will be researched.  I assure you, Dr. Jones.  We have top men working on it now.  Top men.,Critical,2015-04-04,2020-06-13
255,report 255,This is description of this silly report,Low,2017-01-13,2021-10-25
256,report 256,And, it will be researched.  I assure you, Dr. Jones.  We have top men working on it now.  Top men.,High,2015-01-31,2021-05-20
257,report 257,The O'reilly group is still investigating this for CUI,Medium,2016-12-25,2020-01-17
258,report 258,This report might contain malware so please be careful,High,2017-10-19,2020-05-15
259,report 259,This is description of this silly report,Low,2019-08-27,2021-02-17
260,report 260,The O'reilly group is still investigating this for CUI,Medium,2019-08-11,2020-04-10
261,report 261,This is description of this silly report,Medium,2019-10-04,2021-01-11
262,report 262,The ark is a source of unspeakable power and it has to be researched.,High,2018-07-31,2021-08-25
263,report 263,I am still working on this report,Low,2018-06-15,2021-05-10
264,report 264,I am still working on this report,Medium,2015-12-20,2021-05-31
265,report 265,And, it will be researched.  I assure you, Dr. Jones.  We have top men working on it now.  Top men.,Low,2015-04-23,2020-01-25
266,report 266,I am still working on this report,Low,2019-11-27,2020-02-13
267,report 267,This is description of this silly report,High,2018-10-25,2020-04-24
268,report 268,Unknown Report,Medium,2016-12-23,2020-11-10
269,report 269,The ark is a source of unspeakable power and it has to be researched.,Low,2019-03-26,2020-08-21
270,report 270,I am still working on this report,Low,2016-02-18,2021-01-20
271,report 271,And, it will be researched.  I assure you, Dr. Jones.  We have top men working on it now.  Top men.,Low,2019-05-10,2020-07-26
272,report 272,This report might contain malware so please be careful,Critical,2017-12-03,2021-09-18
273,report 273,The ark is a source of unspeakable power and it has to be researched.,Low,2017-12-20,2021-11-08
274,report 274,I am still working on this report,Low,2015-07-12,2020-05-24
275,report 275,I am still working on this report,Critical,2019-08-03,2020-01-01
276,report 276,And, it will be researched.  I assure you, Dr. Jones.  We have top men working on it now.  Top men.,Low,2017-10-15,2021-01-26
277,report 277,And, it will be researched.  I assure you, Dr. Jones.  We have top men working on it now.  Top men.,Low,2017-01-10,2021-08-31
278,report 278,And, it will be researched.  I assure you, Dr. Jones.  We have top men working on it now.  Top men.,Critical,2017-06-14,2021-06-14
279,report 279,Unknown Report,Medium,2015-03-10,2020-05-26
280,report 280,The O'reilly group is still investigating this for CUI,Critical,2017-08-09,2021-02-27
281,report 281,The O'reilly group is still investigating this for CUI,Low,2017-11-17,2021-12-15
282,report 282,This is description of this silly report,High,2015-12-12,2020-11-20
283,report 283,This report might contain malware so please be careful,High,2018-11-07,2020-10-02
284,report 284,I am still working on this report,High,2019-12-07,2020-02-19
285,report 285,The O'reilly group is still investigating this for CUI,Critical,2016-07-09,2020-07-04
286,report 286,This report might contain malware so please be careful,Low,2018-06-04,2020-08-27
287,report 287,I am still working on this report,Critical,2018-05-28,2021-06-11
288,report 288,This report might contain malware so please be careful,High,2015-01-12,2021-08-03
289,report 289,The ark is a source of unspeakable power and it has to be researched.,High,2018-11-09,2021-01-26
290,report 290,This report might contain malware so please be careful,High,2017-12-19,2020-07-01
291,report 291,The ark is a source of unspeakable power and it has to be researched.,Critical,2019-10-16,2021-10-17
292,report 292,I am still working on this report,Critical,2019-04-26,2021-08-21
293,report 293,And, it will be researched.  I assure you, Dr. Jones.  We have top men working on it now.  Top men.,High,2017-12-27,2020-09-15
294,report 294,Unknown Report,Low,2016-08-05,2021-09-16
295,report 295,The ark is a source of unspeakable power and it has to be researched.,Medium,2015-08-20,2021-01-31
296,report 296,And, it will be researched.  I assure you, Dr. Jones.  We have top men working on it now.  Top men.,Low,2016-05-30,2021-10-20
297,report 297,Unknown Report,Low,2017-11-10,2021-08-27
298,report 298,Unknown Report,Medium,2015-08-03,2020-10-18
299,report 299,This is description of this silly report,High,2018-12-08,2021-11-24
300,report 300,The O'reilly group is still investigating this for CUI,Low,2015-03-17,2020-07-05
301,report 301,The ark is a source of unspeakable power and it has to be researched.,Low,2018-05-24,2021-04-02
302,report 302,And, it will be researched.  I assure you, Dr. Jones.  We have top men working on it now.  Top men.,High,2017-10-17,2020-07-11
303,report 303,The ark is a source of unspeakable power and it has to be researched.,Low,2016-08-24,2021-10-13
304,report 304,I am still working on this report,High,2016-03-27,2020-06-04
305,report 305,The ark is a source of unspeakable power and it has to be researched.,Critical,2016-08-19,2020-12-17
306,report 306,And, it will be researched.  I assure you, Dr. Jones.  We have top men working on it now.  Top men.,Critical,2019-03-17,2021-07-26
307,report 307,The ark is a source of unspeakable power and it has to be researched.,Low,2016-09-04,2021-12-24
308,report 308,Unknown Report,High,2019-10-06,2021-02-13
309,report 309,This is description of this silly report,High,2015-10-18,2020-10-05
310,report 310,This is description of this silly report,Critical,2018-01-18,2021-04-04
311,report 311,Unknown Report,Critical,2015-03-04,2021-10-26
312,report 312,Unknown Report,Low,2019-11-08,2020-11-19
313,report 313,The O'reilly group is still investigating this for CUI,Medium,2018-01-30,2021-06-09
314,report 314,This is description of this silly report,Medium,2016-02-03,2021-12-30
315,report 315,And, it will be researched.  I assure you, Dr. Jones.  We have top men working on it now.  Top men.,Critical,2019-10-08,2020-03-14
316,report 316,And, it will be researched.  I assure you, Dr. Jones.  We have top men working on it now.  Top men.,Medium,2018-11-06,2020-11-06
317,report 317,This report might contain malware so please be careful,Low,2015-12-20,2020-11-21
318,report 318,This is description of this silly report,Low,2015-10-08,2020-02-20
319,report 319,The ark is a source of unspeakable power and it has to be researched.,High,2017-07-19,2020-11-04
320,report 320,Unknown Report,Critical,2019-01-31,2020-06-07
321,report 321,The O'reilly group is still investigating this for CUI,Medium,2019-06-05,2020-03-31
322,report 322,The ark is a source of unspeakable power and it has to be researched.,Low,2018-06-04,2020-10-28
323,report 323,This report might contain malware so please be careful,High,2019-02-14,2020-02-02
324,report 324,This report might contain malware so please be careful,Medium,2018-08-30,2020-04-06
325,report 325,And, it will be researched.  I assure you, Dr. Jones.  We have top men working on it now.  Top men.,Low,2017-12-18,2021-08-22
326,report 326,I am still working on this report,High,2016-11-21,2021-04-23
327,report 327,And, it will be researched.  I assure you, Dr. Jones.  We have top men working on it now.  Top men.,Critical,2015-05-12,2020-11-07
328,report 328,This report might contain malware so please be careful,High,2015-04-26,2021-02-08
329,report 329,The ark is a source of unspeakable power and it has to be researched.,Low,2017-03-21,2020-08-16
330,report 330,This report might contain malware so please be careful,High,2017-08-10,2021-03-25
331,report 331,This report might contain malware so please be careful,High,2016-06-27,2021-08-19
332,report 332,The ark is a source of unspeakable power and it has to be researched.,Medium,2017-08-02,2021-02-26
333,report 333,The O'reilly group is still investigating this for CUI,Critical,2015-07-03,2020-12-11
334,report 334,This is description of this silly report,Critical,2015-11-24,2021-06-03
335,report 335,The O'reilly group is still investigating this for CUI,High,2017-01-26,2020-08-31
336,report 336,I am still working on this report,High,2019-11-10,2020-12-20
337,report 337,And, it will be researched.  I assure you, Dr. Jones.  We have top men working on it now.  Top men.,Low,2015-03-29,2021-03-29
338,report 338,The O'reilly group is still investigating this for CUI,Medium,2015-02-15,2021-12-21
339,report 339,The O'reilly group is still investigating this for CUI,High,2018-04-13,2020-03-25
340,report 340,The ark is a source of unspeakable power and it has to be researched.,Low,2015-08-26,2021-11-14
341,report 341,I am still working on this report,High,2016-04-09,2020-06-08
342,report 342,Unknown Report,High,2016-01-31,2020-05-27
343,report 343,The ark is a source of unspeakable power and it has to be researched.,Low,2015-11-29,2020-12-04
344,report 344,This report might contain malware so please be careful,Medium,2019-10-17,2020-01-20
345,report 345,The ark is a source of unspeakable power and it has to be researched.,High,2016-04-23,2020-02-29
346,report 346,And, it will be researched.  I assure you, Dr. Jones.  We have top men working on it now.  Top men.,High,2016-06-14,2021-09-22
347,report 347,And, it will be researched.  I assure you, Dr. Jones.  We have top men working on it now.  Top men.,Low,2019-05-02,2020-11-12
348,report 348,The ark is a source of unspeakable power and it has to be researched.,High,2017-11-05,2020-09-27
349,report 349,The ark is a source of unspeakable power and it has to be researched.,Medium,2019-03-16,2020-08-02
350,report 350,This report might contain malware so please be careful,Critical,2018-09-16,2020-11-23
351,report 351,This report might contain malware so please be careful,High,2016-01-14,2021-09-29
352,report 352,I am still working on this report,Critical,2016-11-21,2020-06-03
353,report 353,The O'reilly group is still investigating this for CUI,Low,2019-09-04,2021-09-21
354,report 354,This report might contain malware so please be careful,Critical,2015-01-15,2021-01-24
355,report 355,I am still working on this report,Critical,2019-11-16,2020-05-21
356,report 356,And, it will be researched.  I assure you, Dr. Jones.  We have top men working on it now.  Top men.,Critical,2018-11-06,2020-02-03
357,report 357,Unknown Report,High,2016-02-27,2021-10-10
358,report 358,Unknown Report,Low,2016-09-06,2020-12-23
359,report 359,I am still working on this report,Medium,2015-05-03,2021-02-01
360,report 360,And, it will be researched.  I assure you, Dr. Jones.  We have top men working on it now.  Top men.,Critical,2016-09-24,2021-08-16
361,report 361,This is description of this silly report,High,2017-05-07,2020-10-29
362,report 362,This report might contain malware so please be careful,Critical,2019-04-20,2020-05-05
363,report 363,And, it will be researched.  I assure you, Dr. Jones.  We have top men working on it now.  Top men.,Low,2018-06-06,2020-03-12
364,report 364,This report might contain malware so please be careful,Critical,2015-11-08,2021-01-09
365,report 365,The O'reilly group is still investigating this for CUI,Medium,2019-03-31,2021-07-26
366,report 366,The O'reilly group is still investigating this for CUI,Medium,2016-07-13,2020-09-12
367,report 367,The ark is a source of unspeakable power and it has to be researched.,Critical,2017-01-12,2020-08-13
368,report 368,This is description of this silly report,Low,2017-04-12,2020-07-11
369,report 369,The ark is a source of unspeakable power and it has to be researched.,High,2017-05-18,2020-09-11
370,report 370,This report might contain malware so please be careful,Critical,2019-05-24,2020-01-08
371,report 371,Unknown Report,High,2019-12-24,2021-05-25
372,report 372,The O'reilly group is still investigating this for CUI,Low,2017-02-10,2021-11-17
373,report 373,This report might contain malware so please be careful,High,2018-06-09,2021-02-28
374,report 374,And, it will be researched.  I assure you, Dr. Jones.  We have top men working on it now.  Top men.,Medium,2017-05-20,2020-01-18
375,report 375,This is description of this silly report,Critical,2019-01-11,2020-05-01
376,report 376,This report might contain malware so please be careful,High,2015-07-28,2021-12-26
377,report 377,This report might contain malware so please be careful,Low,2015-03-04,2020-01-14
378,report 378,This report might contain malware so please be careful,Critical,2015-06-10,2021-01-30
379,report 379,The ark is a source of unspeakable power and it has to be researched.,Low,2017-07-23,2021-12-11
380,report 380,The ark is a source of unspeakable power and it has to be researched.,Medium,2019-12-11,2021-12-17
381,report 381,This is description of this silly report,Critical,2015-11-16,2020-07-16
382,report 382,And, it will be researched.  I assure you, Dr. Jones.  We have top men working on it now.  Top men.,High,2019-09-15,2021-03-13
383,report 383,I am still working on this report,Critical,2017-01-01,2020-05-26
384,report 384,The O'reilly group is still investigating this for CUI,Low,2019-07-29,2020-07-25
385,report 385,And, it will be researched.  I assure you, Dr. Jones.  We have top men working on it now.  Top men.,Low,2017-12-11,2020-04-23
386,report 386,Unknown Report,High,2016-12-05,2020-10-03
387,report 387,This report might contain malware so please be careful,Critical,2017-08-10,2021-12-22
388,report 388,This report might contain malware so please be careful,Low,2016-10-26,2021-09-16
389,report 389,I am still working on this report,Medium,2016-10-21,2020-09-22
390,report 390,The O'reilly group is still investigating this for CUI,Low,2017-10-24,2021-08-26
391,report 391,The ark is a source of unspeakable power and it has to be researched.,Critical,2017-11-27,2020-04-01
392,report 392,I am still working on this report,Low,2017-01-09,2020-08-18
393,report 393,This report might contain malware so please be careful,Low,2018-07-18,2021-04-30
394,report 394,Unknown Report,High,2015-09-18,2021-02-12
395,report 395,The ark is a source of unspeakable power and it has to be researched.,Medium,2019-06-23,2020-04-29
396,report 396,The ark is a source of unspeakable power and it has to be researched.,High,2018-10-11,2021-05-27
397,report 397,This report might contain malware so please be careful,Low,2018-04-14,2021-09-16
398,report 398,The ark is a source of unspeakable power and it has to be researched.,Low,2016-02-18,2021-12-19
399,report 399,I am still working on this report,Critical,2018-06-20,2021-02-09
400,report 400,And, it will be researched.  I assure you, Dr. Jones.  We have top men working on it now.  Top men.,High,2017-05-28,2020-04-11
401,report 401,This report might contain malware so please be careful,Critical,2017-01-17,2021-05-25
402,report 402,I am still working on this report,Medium,2019-07-09,2020-12-24
403,report 403,The ark is a source of unspeakable power and it has to be researched.,High,2015-12-03,2020-12-04
404,report 404,The O'reilly group is still investigating this for CUI,Medium,2016-01-07,2021-08-13
405,report 405,The O'reilly group is still investigating this for CUI,Medium,2016-12-08,2021-09-27
406,report 406,Unknown Report,High,2016-11-06,2021-04-07
407,report 407,This report might contain malware so please be careful,Critical,2019-09-04,2020-07-05
408,report 408,I am still working on this report,Critical,2018-07-01,2021-06-08
409,report 409,The ark is a source of unspeakable power and it has to be researched.,Critical,2015-03-24,2020-02-10
410,report 410,This is description of this silly report,Critical,2019-05-17,2021-12-26
411,report 411,This report might contain malware so please be careful,Medium,2018-10-19,2020-03-10
412,report 412,This is description of this silly report,Critical,2019-12-19,2020-06-22
413,report 413,And, it will be researched.  I assure you, Dr. Jones.  We have top men working on it now.  Top men.,Medium,2019-05-25,2020-10-15
414,report 414,I am still working on this report,Low,2015-09-25,2020-03-18
415,report 415,This report might contain malware so please be careful,Low,2017-09-19,2020-06-13
416,report 416,This report might contain malware so please be careful,Low,2015-02-07,2020-08-30
417,report 417,This is description of this silly report,Medium,2016-03-18,2021-10-08
418,report 418,Unknown Report,Critical,2015-10-26,2021-09-19
419,report 419,The ark is a source of unspeakable power and it has to be researched.,High,2016-09-08,2021-01-12
420,report 420,And, it will be researched.  I assure you, Dr. Jones.  We have top men working on it now.  Top men.,Critical,2018-01-19,2020-01-10
421,report 421,The O'reilly group is still investigating this for CUI,Low,2017-10-13,2021-05-26
422,report 422,And, it will be researched.  I assure you, Dr. Jones.  We have top men working on it now.  Top men.,Medium,2019-11-24,2021-12-10
423,report 423,The O'reilly group is still investigating this for CUI,Critical,2016-05-25,2021-10-08
424,report 424,This is description of this silly report,Low,2015-11-22,2020-10-04
425,report 425,The ark is a source of unspeakable power and it has to be researched.,High,2018-03-06,2021-04-01
426,report 426,This report might contain malware so please be careful,Critical,2017-03-19,2020-02-08
427,report 427,Unknown Report,Medium,2016-11-06,2020-11-12
428,report 428,Unknown Report,Low,2018-06-26,2021-01-03
429,report 429,And, it will be researched.  I assure you, Dr. Jones.  We have top men working on it now.  Top men.,Low,2017-07-03,2021-01-04
430,report 430,This report might contain malware so please be careful,High,2016-05-22,2021-04-20
431,report 431,This report might contain malware so please be careful,High,2018-01-18,2021-01-09
432,report 432,Unknown Report,Critical,2019-10-20,2021-05-05
433,report 433,This report might contain malware so please be careful,High,2019-10-26,2020-09-14
434,report 434,And, it will be researched.  I assure you, Dr. Jones.  We have top men working on it now.  Top men.,Medium,2015-11-02,2020-04-22
435,report 435,I am still working on this report,High,2015-06-23,2020-04-26
436,report 436,This is description of this silly report,High,2017-09-20,2020-12-30
437,report 437,This report might contain malware so please be careful,Critical,2015-06-30,2020-02-05
438,report 438,This report might contain malware so please be careful,Low,2018-08-13,2020-07-25
439,report 439,Unknown Report,Low,2016-10-12,2021-05-08
440,report 440,The O'reilly group is still investigating this for CUI,Low,2018-07-10,2021-07-25
441,report 441,This report might contain malware so please be careful,Low,2019-06-14,2020-04-29
442,report 442,This report might contain malware so please be careful,Low,2018-05-25,2020-11-01
443,report 443,The O'reilly group is still investigating this for CUI,High,2019-11-19,2021-04-08
444,report 444,The O'reilly group is still investigating this for CUI,Critical,2015-03-31,2020-01-19
445,report 445,Unknown Report,Low,2019-08-09,2020-05-03
446,report 446,And, it will be researched.  I assure you, Dr. Jones.  We have top men working on it now.  Top men.,High,2015-12-11,2021-09-27
447,report 447,The ark is a source of unspeakable power and it has to be researched.,Low,2016-11-08,2021-03-29
448,report 448,This is description of this silly report,Low,2018-08-08,2021-02-08
449,report 449,Unknown Report,High,2016-03-28,2020-12-15
450,report 450,And, it will be researched.  I assure you, Dr. Jones.  We have top men working on it now.  Top men.,Medium,2017-10-07,2020-11-03
451,report 451,I am still working on this report,Critical,2015-04-15,2021-01-19
452,report 452,This is description of this silly report,Low,2016-06-16,2020-02-01
453,report 453,The ark is a source of unspeakable power and it has to be researched.,High,2019-03-19,2020-07-21
454,report 454,And, it will be researched.  I assure you, Dr. Jones.  We have top men working on it now.  Top men.,High,2015-10-17,2020-11-25
455,report 455,Unknown Report,High,2019-09-03,2020-10-27
456,report 456,And, it will be researched.  I assure you, Dr. Jones.  We have top men working on it now.  Top men.,High,2016-11-21,2021-01-14
457,report 457,And, it will be researched.  I assure you, Dr. Jones.  We have top men working on it now.  Top men.,High,2019-04-11,2021-09-21
458,report 458,And, it will be researched.  I assure you, Dr. Jones.  We have top men working on it now.  Top men.,Critical,2019-05-01,2020-02-14
459,report 459,I am still working on this report,High,2018-07-20,2020-06-08
460,report 460,This is description of this silly report,High,2019-08-16,2021-01-25
461,report 461,The ark is a source of unspeakable power and it has to be researched.,Critical,2016-02-16,2021-12-18
462,report 462,I am still working on this report,Low,2017-08-03,2021-06-20
463,report 463,This report might contain malware so please be careful,High,2017-02-17,2021-02-16
464,report 464,I am still working on this report,High,2018-03-11,2021-07-31
465,report 465,And, it will be researched.  I assure you, Dr. Jones.  We have top men working on it now.  Top men.,Low,2017-03-18,2020-06-15
466,report 466,The O'reilly group is still investigating this for CUI,Critical,2018-08-22,2021-04-25
467,report 467,This report might contain malware so please be careful,Low,2016-08-31,2021-10-17
468,report 468,And, it will be researched.  I assure you, Dr. Jones.  We have top men working on it now.  Top men.,High,2015-10-13,2021-10-20
469,report 469,Unknown Report,Low,2018-06-14,2021-11-26
470,report 470,The ark is a source of unspeakable power and it has to be researched.,Low,2016-02-20,2021-02-06
471,report 471,Unknown Report,High,2018-11-12,2021-04-30
472,report 472,The ark is a source of unspeakable power and it has to be researched.,High,2019-11-07,2020-07-05
473,report 473,The ark is a source of unspeakable power and it has to be researched.,Low,2018-08-18,2021-06-18
474,report 474,The O'reilly group is still investigating this for CUI,Low,2019-01-17,2020-01-16
475,report 475,This report might contain malware so please be careful,Critical,2015-07-03,2021-02-08
476,report 476,And, it will be researched.  I assure you, Dr. Jones.  We have top men working on it now.  Top men.,Low,2016-06-12,2020-07-22
477,report 477,This report might contain malware so please be careful,Medium,2017-11-16,2021-08-14
478,report 478,I am still working on this report,High,2016-07-21,2020-02-25
479,report 479,The O'reilly group is still investigating this for CUI,Medium,2015-01-11,2020-11-16
480,report 480,And, it will be researched.  I assure you, Dr. Jones.  We have top men working on it now.  Top men.,Medium,2016-02-17,2021-11-27
481,report 481,Unknown Report,Critical,2019-03-26,2021-09-17
482,report 482,Unknown Report,Medium,2018-11-12,2020-01-07
483,report 483,This report might contain malware so please be careful,Critical,2017-08-18,2020-05-10
484,report 484,The O'reilly group is still investigating this for CUI,Medium,2018-11-20,2020-01-09
485,report 485,This is description of this silly report,High,2017-05-12,2020-07-25
486,report 486,Unknown Report,Critical,2019-05-12,2021-08-11
487,report 487,I am still working on this report,Low,2017-08-30,2021-08-10
488,report 488,This report might contain malware so please be careful,Low,2015-02-20,2020-10-14
489,report 489,Unknown Report,Medium,2019-08-11,2020-11-29
490,report 490,Unknown Report,High,2018-10-27,2021-10-29
491,report 491,The ark is a source of unspeakable power and it has to be researched.,Medium,2016-12-05,2020-09-16
492,report 492,I am still working on this report,High,2016-10-03,2021-02-09
493,report 493,This is description of this silly report,Critical,2019-08-17,2021-03-06
494,report 494,This report might contain malware so please be careful,Critical,2018-05-21,2020-10-06
495,report 495,Unknown Report,Low,2015-11-19,2021-09-02
496,report 496,Unknown Report,Low,2017-04-05,2021-03-21
497,report 497,And, it will be researched.  I assure you, Dr. Jones.  We have top men working on it now.  Top men.,Medium,2018-05-14,2020-04-08
498,report 498,The O'reilly group is still investigating this for CUI,Medium,2016-04-05,2021-09-27
499,report 499,And, it will be researched.  I assure you, Dr. Jones.  We have top men working on it now.  Top men.,High,2019-05-10,2021-11-29
500,report 500,The O'reilly group is still investigating this for CUI,Low,2015-04-08,2020-05-05
501,report 501,Unknown Report,Critical,2015-01-27,2020-11-14
502,report 502,And, it will be researched.  I assure you, Dr. Jones.  We have top men working on it now.  Top men.,Low,2017-12-28,2020-07-18
503,report 503,I am still working on this report,High,2017-02-23,2021-07-07
504,report 504,This is description of this silly report,High,2016-05-16,2020-01-17
505,report 505,Unknown Report,High,2017-12-18,2021-09-08
506,report 506,The ark is a source of unspeakable power and it has to be researched.,Critical,2017-04-27,2020-06-21
507,report 507,And, it will be researched.  I assure you, Dr. Jones.  We have top men working on it now.  Top men.,Critical,2019-10-08,2020-02-09
508,report 508,This report might contain malware so please be careful,Medium,2015-12-11,2020-05-05
509,report 509,Unknown Report,Medium,2017-09-24,2020-08-22
510,report 510,The ark is a source of unspeakable power and it has to be researched.,Critical,2017-11-14,2020-09-10
511,report 511,The O'reilly group is still investigating this for CUI,Medium,2018-05-31,2020-02-25
512,report 512,The ark is a source of unspeakable power and it has to be researched.,Critical,2016-04-30,2021-04-07
513,report 513,The O'reilly group is still investigating this for CUI,Medium,2018-09-29,2020-02-24
514,report 514,I am still working on this report,High,2019-09-06,2020-03-20
515,report 515,Unknown Report,Medium,2018-06-30,2021-08-16
516,report 516,Unknown Report,High,2016-11-12,2020-12-04
517,report 517,The ark is a source of unspeakable power and it has to be researched.,High,2016-10-13,2021-12-18
518,report 518,The O'reilly group is still investigating this for CUI,Critical,2016-07-20,2021-06-12
519,report 519,I am still working on this report,Low,2016-07-09,2021-06-04
520,report 520,This report might contain malware so please be careful,Medium,2018-09-25,2021-05-04
521,report 521,This is description of this silly report,Medium,2019-09-08,2020-02-05
522,report 522,This is description of this silly report,High,2017-02-27,2020-07-31
523,report 523,Unknown Report,Medium,2018-02-04,2020-08-08
524,report 524,Unknown Report,Low,2016-05-24,2021-06-30
525,report 525,I am still working on this report,Critical,2018-12-02,2021-01-29
526,report 526,Unknown Report,High,2017-03-01,2021-06-05
527,report 527,And, it will be researched.  I assure you, Dr. Jones.  We have top men working on it now.  Top men.,Medium,2019-03-29,2020-06-20
528,report 528,This report might contain malware so please be careful,High,2019-04-23,2021-10-31
529,report 529,The O'reilly group is still investigating this for CUI,Critical,2018-12-03,2020-04-20
530,report 530,This report might contain malware so please be careful,High,2018-07-08,2020-10-25
531,report 531,This is description of this silly report,High,2017-01-30,2020-01-25
532,report 532,The O'reilly group is still investigating this for CUI,Critical,2018-01-07,2020-04-18
533,report 533,This is description of this silly report,High,2017-07-11,2021-07-10
534,report 534,The ark is a source of unspeakable power and it has to be researched.,Medium,2019-05-07,2021-07-06
535,report 535,I am still working on this report,High,2017-12-01,2020-05-15
536,report 536,This is description of this silly report,Medium,2017-03-04,2020-03-10
537,report 537,And, it will be researched.  I assure you, Dr. Jones.  We have top men working on it now.  Top men.,Low,2019-08-19,2021-09-18
538,report 538,The O'reilly group is still investigating this for CUI,Low,2018-05-14,2020-02-27
539,report 539,This report might contain malware so please be careful,Critical,2016-09-16,2020-03-08
540,report 540,The O'reilly group is still investigating this for CUI,Low,2019-04-21,2020-12-14
541,report 541,This report might contain malware so please be careful,Low,2019-05-21,2020-08-17
542,report 542,The ark is a source of unspeakable power and it has to be researched.,High,2019-11-25,2020-04-01
543,report 543,The O'reilly group is still investigating this for CUI,Medium,2017-06-07,2021-07-01
544,report 544,The ark is a source of unspeakable power and it has to be researched.,High,2016-06-23,2021-04-19
545,report 545,The ark is a source of unspeakable power and it has to be researched.,Critical,2016-12-17,2020-01-04
546,report 546,This report might contain malware so please be careful,Critical,2018-12-29,2020-05-31
547,report 547,This report might contain malware so please be careful,High,2019-11-19,2021-10-18
548,report 548,This report might contain malware so please be careful,High,2019-05-03,2020-09-16
549,report 549,This is description of this silly report,Critical,2016-11-23,2021-04-09
550,report 550,Unknown Report,Low,2015-12-01,2021-05-16
551,report 551,The O'reilly group is still investigating this for CUI,Low,2015-04-05,2021-10-21
552,report 552,Unknown Report,Medium,2015-01-02,2021-09-14
553,report 553,And, it will be researched.  I assure you, Dr. Jones.  We have top men working on it now.  Top men.,Critical,2019-04-16,2020-03-17
554,report 554,The ark is a source of unspeakable power and it has to be researched.,Medium,2016-08-23,2020-08-15
555,report 555,The ark is a source of unspeakable power and it has to be researched.,Medium,2018-05-25,2021-05-01
556,report 556,The ark is a source of unspeakable power and it has to be researched.,Medium,2015-05-07,2021-08-17
557,report 557,I am still working on this report,Medium,2019-01-17,2020-11-25
558,report 558,I am still working on this report,Low,2016-12-04,2021-07-26
559,report 559,This is description of this silly report,Critical,2015-11-18,2021-01-04
560,report 560,The ark is a source of unspeakable power and it has to be researched.,Critical,2016-05-25,2020-08-29
561,report 561,The ark is a source of unspeakable power and it has to be researched.,High,2018-12-14,2020-09-18
562,report 562,This is description of this silly report,Medium,2018-12-22,2020-08-31
563,report 563,I am still working on this report,Critical,2018-01-10,2021-11-06
564,report 564,And, it will be researched.  I assure you, Dr. Jones.  We have top men working on it now.  Top men.,Low,2017-11-05,2021-05-20
565,report 565,And, it will be researched.  I assure you, Dr. Jones.  We have top men working on it now.  Top men.,Critical,2016-02-27,2020-06-05
566,report 566,The ark is a source of unspeakable power and it has to be researched.,Low,2017-08-03,2021-04-08
567,report 567,The ark is a source of unspeakable power and it has to be researched.,High,2019-11-09,2021-08-22
568,report 568,Unknown Report,Low,2019-12-11,2021-02-08
569,report 569,The ark is a source of unspeakable power and it has to be researched.,Low,2018-12-16,2021-07-07
570,report 570,And, it will be researched.  I assure you, Dr. Jones.  We have top men working on it now.  Top men.,High,2015-07-23,2021-12-25
571,report 571,And, it will be researched.  I assure you, Dr. Jones.  We have top men working on it now.  Top men.,Medium,2017-11-18,2021-06-20
572,report 572,Unknown Report,Medium,2016-11-17,2020-12-18
573,report 573,Unknown Report,Critical,2018-01-07,2021-05-14
574,report 574,The O'reilly group is still investigating this for CUI,Low,2015-05-07,2021-09-25
575,report 575,Unknown Report,High,2018-09-04,2021-11-29
576,report 576,I am still working on this report,Low,2018-03-14,2020-04-05
577,report 577,This is description of this silly report,Low,2019-07-07,2020-02-28
578,report 578,Unknown Report,Low,2016-04-30,2021-09-29
579,report 579,This report might contain malware so please be careful,High,2018-02-11,2020-09-26
580,report 580,This is description of this silly report,Low,2018-07-30,2021-07-21
581,report 581,And, it will be researched.  I assure you, Dr. Jones.  We have top men working on it now.  Top men.,Critical,2019-08-08,2021-01-15
582,report 582,This is description of this silly report,Medium,2019-09-24,2021-07-02
583,report 583,And, it will be researched.  I assure you, Dr. Jones.  We have top men working on it now.  Top men.,Low,2016-08-17,2021-07-02
584,report 584,The O'reilly group is still investigating this for CUI,Medium,2016-06-22,2020-08-18
585,report 585,This is description of this silly report,Low,2019-07-20,2020-10-27
586,report 586,And, it will be researched.  I assure you, Dr. Jones.  We have top men working on it now.  Top men.,Low,2019-08-08,2021-01-06
587,report 587,I am still working on this report,High,2018-10-30,2020-09-25
588,report 588,This is description of this silly report,Critical,2018-07-31,2021-05-16
589,report 589,The ark is a source of unspeakable power and it has to be researched.,Medium,2018-08-10,2020-08-11
590,report 590,This is description of this silly report,High,2016-07-10,2020-06-18
591,report 591,And, it will be researched.  I assure you, Dr. Jones.  We have top men working on it now.  Top men.,High,2016-09-01,2020-06-07
592,report 592,The O'reilly group is still investigating this for CUI,Low,2015-01-09,2021-02-11
593,report 593,This report might contain malware so please be careful,High,2016-05-22,2020-02-02
594,report 594,The ark is a source of unspeakable power and it has to be researched.,Medium,2018-03-30,2021-06-15
595,report 595,And, it will be researched.  I assure you, Dr. Jones.  We have top men working on it now.  Top men.,Low,2019-07-23,2021-10-10
596,report 596,I am still working on this report,Low,2017-04-20,2020-10-17
597,report 597,I am still working on this report,High,2015-10-07,2020-04-13
598,report 598,The O'reilly group is still investigating this for CUI,Critical,2018-03-10,2021-12-12
599,report 599,The O'reilly group is still investigating this for CUI,High,2019-10-22,2020-01-20
600,report 600,The ark is a source of unspeakable power and it has to be researched.,Low,2016-01-11,2021-03-21
601,report 601,The O'reilly group is still investigating this for CUI,Medium,2019-09-29,2021-12-07
602,report 602,This report might contain malware so please be careful,Medium,2015-10-24,2021-03-04
603,report 603,This is description of this silly report,High,2018-02-09,2020-01-24
604,report 604,Unknown Report,High,2019-04-29,2021-01-27
605,report 605,I am still working on this report,Low,2018-09-19,2020-12-06
606,report 606,And, it will be researched.  I assure you, Dr. Jones.  We have top men working on it now.  Top men.,Low,2015-07-20,2021-06-02
607,report 607,And, it will be researched.  I assure you, Dr. Jones.  We have top men working on it now.  Top men.,Critical,2017-10-25,2020-02-03
608,report 608,The O'reilly group is still investigating this for CUI,Critical,2015-01-26,2020-05-19
609,report 609,This report might contain malware so please be careful,Medium,2015-01-24,2020-01-23
610,report 610,The O'reilly group is still investigating this for CUI,Low,2016-10-24,2021-08-21
611,report 611,And, it will be researched.  I assure you, Dr. Jones.  We have top men working on it now.  Top men.,Medium,2015-08-09,2021-07-09
612,report 612,This is description of this silly report,Low,2016-10-31,2021-09-06
613,report 613,And, it will be researched.  I assure you, Dr. Jones.  We have top men working on it now.  Top men.,Low,2016-12-11,2021-11-01
614,report 614,Unknown Report,Critical,2019-11-26,2021-05-17
615,report 615,The O'reilly group is still investigating this for CUI,Medium,2018-04-23,2020-11-13
616,report 616,This is description of this silly report,Critical,2017-05-03,2020-05-16
617,report 617,And, it will be researched.  I assure you, Dr. Jones.  We have top men working on it now.  Top men.,Critical,2019-04-14,2021-08-12
618,report 618,This report might contain malware so please be careful,Low,2015-02-13,2020-10-31
619,report 619,The O'reilly group is still investigating this for CUI,Medium,2018-06-06,2021-05-15
620,report 620,And, it will be researched.  I assure you, Dr. Jones.  We have top men working on it now.  Top men.,High,2017-12-09,2020-09-18
621,report 621,Unknown Report,Medium,2018-08-13,2020-08-30
622,report 622,This report might contain malware so please be careful,Medium,2019-03-03,2021-04-12
623,report 623,The O'reilly group is still investigating this for CUI,High,2019-06-16,2021-01-01
624,report 624,This is description of this silly report,Low,2016-09-12,2021-10-29
625,report 625,The O'reilly group is still investigating this for CUI,Critical,2019-06-13,2021-12-15
626,report 626,I am still working on this report,Low,2019-01-15,2020-07-15
627,report 627,The O'reilly group is still investigating this for CUI,High,2019-12-23,2021-02-07
628,report 628,The ark is a source of unspeakable power and it has to be researched.,Critical,2019-12-24,2021-05-14
629,report 629,The ark is a source of unspeakable power and it has to be researched.,Low,2015-08-27,2020-11-05
630,report 630,The O'reilly group is still investigating this for CUI,Medium,2015-08-05,2020-12-14
631,report 631,The ark is a source of unspeakable power and it has to be researched.,Low,2015-10-11,2021-02-01
632,report 632,This is description of this silly report,Medium,2019-07-07,2020-04-22
633,report 633,And, it will be researched.  I assure you, Dr. Jones.  We have top men working on it now.  Top men.,Low,2018-11-21,2020-01-07
634,report 634,The O'reilly group is still investigating this for CUI,Critical,2019-07-03,2020-03-12
635,report 635,And, it will be researched.  I assure you, Dr. Jones.  We have top men working on it now.  Top men.,Low,2018-01-29,2021-03-27
636,report 636,I am still working on this report,Critical,2017-08-15,2020-06-01
637,report 637,The ark is a source of unspeakable power and it has to be researched.,Low,2019-01-10,2020-05-22
638,report 638,The O'reilly group is still investigating this for CUI,Critical,2019-12-29,2021-10-28
639,report 639,I am still working on this report,Low,2019-01-09,2020-05-24
640,report 640,I am still working on this report,High,2019-03-06,2021-03-15
641,report 641,This report might contain malware so please be careful,Critical,2018-09-02,2020-05-02
642,report 642,I am still working on this report,Critical,2018-02-15,2021-11-28
643,report 643,The O'reilly group is still investigating this for CUI,Medium,2016-08-31,2021-10-13
644,report 644,Unknown Report,Low,2017-04-19,2021-02-07
645,report 645,I am still working on this report,High,2019-01-17,2020-07-05
646,report 646,This is description of this silly report,Low,2015-11-08,2021-02-09
647,report 647,This report might contain malware so please be careful,Critical,2015-08-10,2020-04-25
648,report 648,I am still working on this report,Low,2019-11-15,2021-07-25
649,report 649,This report might contain malware so please be careful,High,2015-03-05,2020-09-16
650,report 650,The ark is a source of unspeakable power and it has to be researched.,Medium,2016-09-02,2020-06-07
651,report 651,The ark is a source of unspeakable power and it has to be researched.,Medium,2015-04-15,2020-02-20
652,report 652,I am still working on this report,Low,2016-04-12,2020-09-04
653,report 653,This report might contain malware so please be careful,High,2018-11-23,2021-09-15
654,report 654,Unknown Report,High,2016-05-18,2021-04-12
655,report 655,The O'reilly group is still investigating this for CUI,Medium,2017-01-08,2020-11-12
656,report 656,The O'reilly group is still investigating this for CUI,High,2017-02-16,2021-11-25
657,report 657,The O'reilly group is still investigating this for CUI,Critical,2017-01-17,2020-06-15
658,report 658,And, it will be researched.  I assure you, Dr. Jones.  We have top men working on it now.  Top men.,High,2019-03-30,2021-12-17
659,report 659,I am still working on this report,High,2016-05-15,2021-03-05
660,report 660,The ark is a source of unspeakable power and it has to be researched.,Critical,2016-10-20,2021-02-24
661,report 661,The O'reilly group is still investigating this for CUI,High,2016-11-23,2020-09-16
662,report 662,This is description of this silly report,Low,2018-03-25,2021-05-20
663,report 663,The ark is a source of unspeakable power and it has to be researched.,High,2018-05-08,2020-01-11
664,report 664,Unknown Report,High,2015-10-09,2020-06-10
665,report 665,The ark is a source of unspeakable power and it has to be researched.,Medium,2015-03-30,2021-10-08
666,report 666,Unknown Report,High,2019-07-03,2020-04-30
667,report 667,The ark is a source of unspeakable power and it has to be researched.,High,2015-03-05,2020-11-20
668,report 668,Unknown Report,Critical,2018-01-28,2020-09-25
669,report 669,This is description of this silly report,Critical,2016-07-28,2021-03-21
670,report 670,Unknown Report,Critical,2017-07-08,2021-12-12
671,report 671,Unknown Report,Medium,2019-12-18,2020-09-23
672,report 672,This is description of this silly report,Critical,2017-09-12,2020-06-12
673,report 673,I am still working on this report,Critical,2015-11-13,2020-10-16
674,report 674,And, it will be researched.  I assure you, Dr. Jones.  We have top men working on it now.  Top men.,Medium,2017-07-11,2021-04-06
675,report 675,This report might contain malware so please be careful,High,2018-03-18,2020-05-06
676,report 676,I am still working on this report,Critical,2018-07-09,2021-01-16
677,report 677,I am still working on this report,Critical,2019-07-29,2021-01-26
678,report 678,I am still working on this report,Low,2016-03-06,2021-12-26
679,report 679,The O'reilly group is still investigating this for CUI,High,2015-09-25,2020-01-06
680,report 680,Unknown Report,Medium,2015-12-21,2021-01-30
681,report 681,This report might contain malware so please be careful,Critical,2018-09-29,2021-05-20
682,report 682,This is description of this silly report,Low,2017-01-19,2021-11-13
683,report 683,The ark is a source of unspeakable power and it has to be researched.,Medium,2017-10-30,2021-08-04
684,report 684,Unknown Report,Medium,2016-12-06,2021-12-02
685,report 685,And, it will be researched.  I assure you, Dr. Jones.  We have top men working on it now.  Top men.,Medium,2019-07-26,2020-03-30
686,report 686,I am still working on this report,High,2016-06-06,2021-04-04
687,report 687,Unknown Report,Critical,2019-04-30,2021-04-19
688,report 688,This report might contain malware so please be careful,Critical,2018-07-26,2021-05-16
689,report 689,And, it will be researched.  I assure you, Dr. Jones.  We have top men working on it now.  Top men.,High,2015-03-24,2020-12-11
690,report 690,And, it will be researched.  I assure you, Dr. Jones.  We have top men working on it now.  Top men.,Medium,2019-08-20,2021-06-23
691,report 691,This report might contain malware so please be careful,High,2016-09-25,2021-05-06
692,report 692,I am still working on this report,High,2016-03-25,2021-07-26
693,report 693,The ark is a source of unspeakable power and it has to be researched.,High,2015-06-14,2021-11-02
694,report 694,The O'reilly group is still investigating this for CUI,Low,2016-02-08,2021-07-03
695,report 695,And, it will be researched.  I assure you, Dr. Jones.  We have top men working on it now.  Top men.,Low,2016-08-20,2020-05-28
696,report 696,Unknown Report,Medium,2016-02-16,2021-06-15
697,report 697,Unknown Report,Low,2019-06-20,2020-08-22
698,report 698,This is description of this silly report,Low,2017-09-23,2020-06-02
699,report 699,The ark is a source of unspeakable power and it has to be researched.,Critical,2015-07-13,2020-01-22
700,report 700,And, it will be researched.  I assure you, Dr. Jones.  We have top men working on it now.  Top men.,Low,2017-10-18,2020-05-26
701,report 701,This report might contain malware so please be careful,Low,2015-01-26,2020-06-05
702,report 702,Unknown Report,Critical,2017-01-09,2021-11-28
703,report 703,This is description of this silly report,Low,2015-03-21,2021-11-16
704,report 704,I am still working on this report,Low,2019-08-27,2021-09-07
705,report 705,The O'reilly group is still investigating this for CUI,Critical,2015-10-17,2020-04-03
706,report 706,And, it will be researched.  I assure you, Dr. Jones.  We have top men working on it now.  Top men.,Low,2015-02-24,2020-05-06
707,report 707,The O'reilly group is still investigating this for CUI,High,2016-08-09,2020-11-18
708,report 708,The ark is a source of unspeakable power and it has to be researched.,Low,2018-08-25,2021-02-07
709,report 709,Unknown Report,Low,2018-05-05,2021-01-23
710,report 710,The O'reilly group is still investigating this for CUI,High,2015-06-13,2021-04-19
711,report 711,This is description of this silly report,Medium,2015-02-28,2021-09-06
712,report 712,The ark is a source of unspeakable power and it has to be researched.,Low,2018-12-27,2021-07-25
713,report 713,This is description of this silly report,Low,2016-03-10,2021-05-12
714,report 714,The ark is a source of unspeakable power and it has to be researched.,Medium,2015-09-22,2021-07-28
715,report 715,Unknown Report,Low,2016-12-09,2021-04-26
716,report 716,The O'reilly group is still investigating this for CUI,High,2019-12-30,2020-12-15
717,report 717,This report might contain malware so please be careful,Critical,2016-12-25,2020-07-13
718,report 718,The ark is a source of unspeakable power and it has to be researched.,Medium,2018-12-28,2020-07-24
719,report 719,The O'reilly group is still investigating this for CUI,Low,2018-10-25,2021-09-23
720,report 720,This is description of this silly report,Medium,2018-05-25,2021-03-29
721,report 721,The O'reilly group is still investigating this for CUI,High,2018-12-09,2021-06-11
722,report 722,I am still working on this report,Low,2016-08-23,2020-03-25
723,report 723,The ark is a source of unspeakable power and it has to be researched.,Medium,2018-01-30,2020-07-01
724,report 724,I am still working on this report,Medium,2015-09-13,2021-03-22
725,report 725,The ark is a source of unspeakable power and it has to be researched.,Critical,2017-12-22,2021-01-20
726,report 726,I am still working on this report,Medium,2017-02-05,2020-09-07
727,report 727,I am still working on this report,High,2015-02-01,2021-01-30
728,report 728,The O'reilly group is still investigating this for CUI,High,2016-05-28,2020-03-18
729,report 729,This report might contain malware so please be careful,Low,2019-04-06,2020-02-07
730,report 730,The O'reilly group is still investigating this for CUI,Critical,2019-12-22,2021-08-26
731,report 731,This is description of this silly report,High,2016-04-10,2021-06-04
732,report 732,This is description of this silly report,Low,2015-08-10,2021-11-09
733,report 733,The ark is a source of unspeakable power and it has to be researched.,Medium,2016-06-03,2021-07-16
734,report 734,And, it will be researched.  I assure you, Dr. Jones.  We have top men working on it now.  Top men.,Medium,2017-12-13,2020-09-29
735,report 735,This is description of this silly report,Critical,2017-02-01,2020-03-08
736,report 736,And, it will be researched.  I assure you, Dr. Jones.  We have top men working on it now.  Top men.,High,2015-04-01,2021-07-21
737,report 737,And, it will be researched.  I assure you, Dr. Jones.  We have top men working on it now.  Top men.,Critical,2015-11-20,2020-08-11
738,report 738,And, it will be researched.  I assure you, Dr. Jones.  We have top men working on it now.  Top men.,Medium,2016-05-20,2020-10-21
739,report 739,The ark is a source of unspeakable power and it has to be researched.,High,2016-12-11,2021-05-31
740,report 740,And, it will be researched.  I assure you, Dr. Jones.  We have top men working on it now.  Top men.,Critical,2019-02-19,2020-03-12
741,report 741,Unknown Report,High,2017-07-16,2020-04-28
742,report 742,The O'reilly group is still investigating this for CUI,Critical,2015-04-05,2021-12-27
743,report 743,Unknown Report,High,2019-01-19,2021-04-28
744,report 744,And, it will be researched.  I assure you, Dr. Jones.  We have top men working on it now.  Top men.,Low,2015-11-16,2021-06-05
745,report 745,This is description of this silly report,High,2018-06-15,2020-10-31
746,report 746,And, it will be researched.  I assure you, Dr. Jones.  We have top men working on it now.  Top men.,High,2015-06-23,2021-12-30
747,report 747,This is description of this silly report,High,2015-02-03,2020-09-16
748,report 748,The O'reilly group is still investigating this for CUI,Critical,2016-06-20,2020-03-26
749,report 749,The O'reilly group is still investigating this for CUI,Critical,2018-02-14,2021-05-18
750,report 750,The ark is a source of unspeakable power and it has to be researched.,Low,2019-06-16,2020-06-18
751,report 751,I am still working on this report,High,2015-11-19,2020-09-12
752,report 752,The ark is a source of unspeakable power and it has to be researched.,Critical,2019-11-23,2021-03-24
753,report 753,The O'reilly group is still investigating this for CUI,Medium,2016-02-17,2020-02-08
754,report 754,Unknown Report,Low,2016-11-15,2021-05-12
755,report 755,The O'reilly group is still investigating this for CUI,Medium,2015-08-22,2020-09-14
756,report 756,The O'reilly group is still investigating this for CUI,Critical,2018-12-27,2020-08-05
757,report 757,Unknown Report,Critical,2018-10-08,2021-04-20
758,report 758,The O'reilly group is still investigating this for CUI,Low,2017-09-18,2021-04-23
759,report 759,Unknown Report,Critical,2015-08-11,2020-06-28
760,report 760,And, it will be researched.  I assure you, Dr. Jones.  We have top men working on it now.  Top men.,Medium,2017-12-23,2020-01-02
761,report 761,This is description of this silly report,Medium,2016-05-31,2020-04-24
762,report 762,And, it will be researched.  I assure you, Dr. Jones.  We have top men working on it now.  Top men.,Critical,2016-05-10,2020-07-08
763,report 763,This report might contain malware so please be careful,Medium,2018-11-25,2021-09-14
764,report 764,This report might contain malware so please be careful,Medium,2018-12-02,2020-10-23
765,report 765,Unknown Report,Critical,2018-08-08,2021-09-02
766,report 766,I am still working on this report,High,2015-02-21,2021-07-04
767,report 767,This is description of this silly report,Critical,2018-08-03,2021-07-07
768,report 768,This report might contain malware so please be careful,Low,2017-05-06,2021-06-25
769,report 769,And, it will be researched.  I assure you, Dr. Jones.  We have top men working on it now.  Top men.,High,2017-08-03,2021-10-09
770,report 770,This is description of this silly report,Critical,2018-07-16,2020-10-21
771,report 771,And, it will be researched.  I assure you, Dr. Jones.  We have top men working on it now.  Top men.,Medium,2017-10-15,2021-05-04
772,report 772,And, it will be researched.  I assure you, Dr. Jones.  We have top men working on it now.  Top men.,Medium,2019-10-28,2021-06-26
773,report 773,I am still working on this report,High,2019-08-08,2020-08-13
774,report 774,This report might contain malware so please be careful,Critical,2015-09-25,2021-07-02
775,report 775,Unknown Report,Critical,2019-03-07,2020-11-18
776,report 776,The O'reilly group is still investigating this for CUI,High,2019-01-15,2020-06-21
777,report 777,This report might contain malware so please be careful,Medium,2015-10-20,2021-01-29
778,report 778,The ark is a source of unspeakable power and it has to be researched.,Low,2015-09-04,2021-01-09
779,report 779,Unknown Report,Low,2016-06-02,2020-11-11
780,report 780,The O'reilly group is still investigating this for CUI,High,2018-12-31,2021-12-28
781,report 781,I am still working on this report,Low,2019-08-09,2020-01-09
782,report 782,Unknown Report,Critical,2015-06-12,2021-04-16
783,report 783,I am still working on this report,Low,2017-09-11,2020-06-02
784,report 784,This is description of this silly report,Critical,2019-07-13,2021-04-13
785,report 785,This is description of this silly report,Medium,2016-05-05,2021-08-17
786,report 786,And, it will be researched.  I assure you, Dr. Jones.  We have top men working on it now.  Top men.,Medium,2016-03-28,2021-09-21
787,report 787,The ark is a source of unspeakable power and it has to be researched.,Low,2019-12-03,2021-03-29
788,report 788,The ark is a source of unspeakable power and it has to be researched.,Critical,2015-06-13,2021-09-07
789,report 789,The O'reilly group is still investigating this for CUI,Low,2018-12-08,2021-07-26
790,report 790,I am still working on this report,Low,2018-10-24,2021-09-01
791,report 791,Unknown Report,Medium,2016-07-06,2020-09-06
792,report 792,I am still working on this report,Medium,2017-01-22,2021-10-19
793,report 793,The ark is a source of unspeakable power and it has to be researched.,Critical,2017-08-15,2020-06-28
794,report 794,This is description of this silly report,High,2015-12-24,2020-06-20
795,report 795,Unknown Report,Low,2015-09-18,2021-08-18
796,report 796,Unknown Report,High,2018-10-10,2021-02-24
797,report 797,This report might contain malware so please be careful,Low,2018-02-07,2020-09-28
798,report 798,This report might contain malware so please be careful,High,2018-07-22,2020-02-02
799,report 799,The O'reilly group is still investigating this for CUI,Low,2018-07-04,2021-02-19
800,report 800,And, it will be researched.  I assure you, Dr. Jones.  We have top men working on it now.  Top men.,Medium,2015-11-01,2021-10-27
801,report 801,The ark is a source of unspeakable power and it has to be researched.,Medium,2016-05-01,2021-02-14
802,report 802,Unknown Report,Medium,2016-09-18,2021-04-15
803,report 803,The ark is a source of unspeakable power and it has to be researched.,Low,2016-11-10,2020-11-19
804,report 804,The O'reilly group is still investigating this for CUI,Low,2019-02-27,2020-02-12
805,report 805,And, it will be researched.  I assure you, Dr. Jones.  We have top men working on it now.  Top men.,Critical,2016-12-06,2020-10-22
806,report 806,The O'reilly group is still investigating this for CUI,Critical,2015-09-29,2020-12-14
807,report 807,This is description of this silly report,Critical,2015-10-15,2021-05-17
808,report 808,Unknown Report,Low,2016-04-10,2021-04-07
809,report 809,The O'reilly group is still investigating this for CUI,Critical,2016-02-08,2021-07-17
810,report 810,The O'reilly group is still investigating this for CUI,High,2015-06-26,2020-12-03
811,report 811,The O'reilly group is still investigating this for CUI,Critical,2017-05-24,2021-11-25
812,report 812,This report might contain malware so please be careful,High,2016-10-29,2020-02-08
813,report 813,Unknown Report,High,2015-09-27,2020-02-08
814,report 814,This report might contain malware so please be careful,High,2018-10-13,2021-09-01
815,report 815,The ark is a source of unspeakable power and it has to be researched.,Critical,2019-02-14,2021-02-20
816,report 816,I am still working on this report,Critical,2016-05-31,2020-08-04
817,report 817,Unknown Report,Low,2019-07-30,2020-10-18
818,report 818,And, it will be researched.  I assure you, Dr. Jones.  We have top men working on it now.  Top men.,Low,2019-12-12,2020-12-18
819,report 819,I am still working on this report,Medium,2017-08-25,2020-06-12
820,report 820,This report might contain malware so please be careful,High,2018-09-20,2021-08-18
821,report 821,This report might contain malware so please be careful,High,2015-07-02,2020-02-26
822,report 822,And, it will be researched.  I assure you, Dr. Jones.  We have top men working on it now.  Top men.,Critical,2018-01-07,2021-01-27
823,report 823,This report might contain malware so please be careful,Critical,2016-01-16,2020-05-12
824,report 824,This is description of this silly report,Medium,2015-02-20,2021-08-01
825,report 825,The ark is a source of unspeakable power and it has to be researched.,Medium,2018-09-30,2020-01-20
826,report 826,Unknown Report,Critical,2017-08-27,2020-12-10
827,report 827,This is description of this silly report,Low,2015-08-06,2020-01-16
828,report 828,I am still working on this report,Critical,2017-07-06,2020-03-18
829,report 829,This is description of this silly report,Low,2019-04-25,2020-10-09
830,report 830,This is description of this silly report,Critical,2016-10-03,2021-02-16
831,report 831,This is description of this silly report,Critical,2017-10-07,2021-04-08
832,report 832,The ark is a source of unspeakable power and it has to be researched.,Critical,2017-05-27,2021-04-03
833,report 833,And, it will be researched.  I assure you, Dr. Jones.  We have top men working on it now.  Top men.,Medium,2018-03-18,2020-07-29
834,report 834,I am still working on this report,Critical,2017-04-14,2021-05-29
835,report 835,Unknown Report,High,2015-01-04,2021-01-18
836,report 836,The ark is a source of unspeakable power and it has to be researched.,Medium,2018-10-15,2020-09-20
837,report 837,I am still working on this report,Low,2019-01-19,2021-07-24
838,report 838,I am still working on this report,Low,2015-07-02,2020-09-21
839,report 839,I am still working on this report,Critical,2019-09-13,2021-06-29
840,report 840,And, it will be researched.  I assure you, Dr. Jones.  We have top men working on it now.  Top men.,High,2015-06-05,2020-03-31
841,report 841,The O'reilly group is still investigating this for CUI,Low,2018-12-16,2021-10-17
842,report 842,This report might contain malware so please be careful,Critical,2018-05-10,2021-11-29
843,report 843,This is description of this silly report,Low,2017-01-06,2021-06-13
844,report 844,And, it will be researched.  I assure you, Dr. Jones.  We have top men working on it now.  Top men.,Medium,2016-05-15,2020-01-16
845,report 845,Unknown Report,Low,2019-09-24,2021-12-21
846,report 846,The ark is a source of unspeakable power and it has to be researched.,Low,2017-04-30,2021-04-26
847,report 847,The ark is a source of unspeakable power and it has to be researched.,High,2017-05-24,2021-04-20
848,report 848,Unknown Report,High,2019-11-05,2020-01-24
849,report 849,The ark is a source of unspeakable power and it has to be researched.,Low,2019-04-03,2021-03-08
850,report 850,The O'reilly group is still investigating this for CUI,High,2015-07-02,2021-12-21
851,report 851,Unknown Report,High,2019-03-18,2021-05-11
852,report 852,This is description of this silly report,Low,2017-03-06,2020-10-27
853,report 853,I am still working on this report,Critical,2016-06-01,2021-09-04
854,report 854,I am still working on this report,Critical,2019-12-23,2020-10-28
855,report 855,The O'reilly group is still investigating this for CUI,Low,2016-07-14,2021-03-15
856,report 856,Unknown Report,Medium,2016-03-10,2021-02-03
857,report 857,The O'reilly group is still investigating this for CUI,Low,2017-11-14,2021-12-10
858,report 858,And, it will be researched.  I assure you, Dr. Jones.  We have top men working on it now.  Top men.,Low,2019-05-22,2020-05-30
859,report 859,The O'reilly group is still investigating this for CUI,Low,2018-01-11,2020-06-12
860,report 860,The ark is a source of unspeakable power and it has to be researched.,Medium,2017-01-20,2020-02-04
861,report 861,I am still working on this report,Low,2015-04-26,2020-05-30
862,report 862,Unknown Report,Medium,2016-07-01,2020-06-05
863,report 863,I am still working on this report,Critical,2019-11-17,2020-08-22
864,report 864,The O'reilly group is still investigating this for CUI,High,2016-05-14,2021-11-14
865,report 865,The ark is a source of unspeakable power and it has to be researched.,Medium,2019-05-17,2021-10-22
866,report 866,This report might contain malware so please be careful,High,2019-05-20,2020-01-10
867,report 867,The O'reilly group is still investigating this for CUI,Low,2016-12-06,2020-10-30
868,report 868,I am still working on this report,High,2017-08-14,2020-12-09
869,report 869,The O'reilly group is still investigating this for CUI,High,2016-04-14,2021-09-12
870,report 870,The ark is a source of unspeakable power and it has to be researched.,Critical,2018-07-10,2021-05-19
871,report 871,Unknown Report,Medium,2018-07-11,2020-04-19
872,report 872,This report might contain malware so please be careful,Low,2018-01-18,2020-03-14
873,report 873,And, it will be researched.  I assure you, Dr. Jones.  We have top men working on it now.  Top men.,Medium,2018-02-08,2021-06-04
874,report 874,I am still working on this report,High,2016-07-25,2020-10-07
875,report 875,The O'reilly group is still investigating this for CUI,Low,2015-08-01,2021-01-03
876,report 876,Unknown Report,High,2017-02-27,2020-09-18
877,report 877,I am still working on this report,High,2019-08-13,2021-04-23
878,report 878,I am still working on this report,High,2015-05-18,2021-02-14
879,report 879,And, it will be researched.  I assure you, Dr. Jones.  We have top men working on it now.  Top men.,Low,2016-02-01,2020-09-20
880,report 880,I am still working on this report,Low,2015-09-15,2021-08-10
881,report 881,Unknown Report,Critical,2018-01-06,2020-11-28
882,report 882,This report might contain malware so please be careful,Critical,2018-11-11,2020-06-11
883,report 883,Unknown Report,High,2019-04-28,2020-02-18
884,report 884,I am still working on this report,Critical,2018-11-29,2021-10-18
885,report 885,This report might contain malware so please be careful,High,2018-05-05,2020-09-25
886,report 886,I am still working on this report,Critical,2017-03-24,2020-12-01
887,report 887,The ark is a source of unspeakable power and it has to be researched.,Low,2018-03-10,2021-04-01
888,report 888,The O'reilly group is still investigating this for CUI,Low,2015-03-30,2020-01-25
889,report 889,This is description of this silly report,Critical,2018-10-24,2021-04-24
890,report 890,I am still working on this report,Medium,2019-03-24,2020-12-11
891,report 891,This report might contain malware so please be careful,Critical,2017-10-26,2020-09-28
892,report 892,Unknown Report,High,2019-01-04,2021-10-20
893,report 893,I am still working on this report,Critical,2017-04-25,2021-08-30
894,report 894,Unknown Report,High,2019-03-03,2020-01-03
895,report 895,This report might contain malware so please be careful,High,2019-04-10,2020-07-07
896,report 896,This report might contain malware so please be careful,High,2017-02-05,2020-09-08
897,report 897,The O'reilly group is still investigating this for CUI,Medium,2019-08-19,2020-05-04
898,report 898,Unknown Report,High,2015-07-21,2021-11-13
899,report 899,This is description of this silly report,High,2015-02-10,2021-07-15
900,report 900,Unknown Report,Critical,2017-02-17,2020-06-30
901,report 901,The O'reilly group is still investigating this for CUI,High,2016-07-21,2020-04-04
902,report 902,This report might contain malware so please be careful,Low,2019-10-29,2020-06-03
903,report 903,This report might contain malware so please be careful,High,2015-11-11,2021-08-17
904,report 904,The O'reilly group is still investigating this for CUI,Medium,2016-10-21,2021-01-25
905,report 905,I am still working on this report,Medium,2019-04-28,2021-11-19
906,report 906,And, it will be researched.  I assure you, Dr. Jones.  We have top men working on it now.  Top men.,Low,2015-03-02,2021-01-05
907,report 907,And, it will be researched.  I assure you, Dr. Jones.  We have top men working on it now.  Top men.,High,2019-04-23,2021-01-04
908,report 908,I am still working on this report,Critical,2015-03-25,2021-09-20
909,report 909,I am still working on this report,High,2019-11-07,2021-11-10
910,report 910,The ark is a source of unspeakable power and it has to be researched.,High,2016-02-17,2021-04-22
911,report 911,The O'reilly group is still investigating this for CUI,Low,2018-03-11,2020-09-05
912,report 912,And, it will be researched.  I assure you, Dr. Jones.  We have top men working on it now.  Top men.,Medium,2016-10-21,2020-09-24
913,report 913,This report might contain malware so please be careful,Low,2019-10-03,2020-02-26
914,report 914,The ark is a source of unspeakable power and it has to be researched.,Critical,2017-07-05,2021-04-26
915,report 915,The O'reilly group is still investigating this for CUI,Medium,2017-05-29,2021-08-01
916,report 916,The ark is a source of unspeakable power and it has to be researched.,Medium,2015-02-27,2021-04-26
917,report 917,And, it will be researched.  I assure you, Dr. Jones.  We have top men working on it now.  Top men.,High,2016-04-14,2020-06-24
918,report 918,This report might contain malware so please be careful,Low,2016-06-03,2020-08-12
919,report 919,And, it will be researched.  I assure you, Dr. Jones.  We have top men working on it now.  Top men.,High,2018-12-10,2021-04-09
920,report 920,And, it will be researched.  I assure you, Dr. Jones.  We have top men working on it now.  Top men.,Low,2017-10-06,2021-09-25
921,report 921,The ark is a source of unspeakable power and it has to be researched.,High,2018-08-01,2020-09-04
922,report 922,The O'reilly group is still investigating this for CUI,Medium,2016-07-20,2020-07-29
923,report 923,I am still working on this report,Low,2015-05-15,2021-10-10
924,report 924,The O'reilly group is still investigating this for CUI,Low,2015-04-12,2020-07-26
925,report 925,The ark is a source of unspeakable power and it has to be researched.,Low,2015-02-05,2021-08-07
926,report 926,This report might contain malware so please be careful,Medium,2019-05-07,2021-04-30
927,report 927,The ark is a source of unspeakable power and it has to be researched.,Medium,2016-07-06,2021-04-13
928,report 928,The ark is a source of unspeakable power and it has to be researched.,Critical,2017-01-04,2020-04-09
929,report 929,This report might contain malware so please be careful,Critical,2018-04-20,2020-07-24
930,report 930,The O'reilly group is still investigating this for CUI,Medium,2017-07-09,2021-12-01
931,report 931,And, it will be researched.  I assure you, Dr. Jones.  We have top men working on it now.  Top men.,High,2019-02-10,2020-03-29
932,report 932,And, it will be researched.  I assure you, Dr. Jones.  We have top men working on it now.  Top men.,Low,2018-09-26,2020-05-05
933,report 933,And, it will be researched.  I assure you, Dr. Jones.  We have top men working on it now.  Top men.,High,2016-09-02,2021-08-16
934,report 934,The ark is a source of unspeakable power and it has to be researched.,High,2016-09-16,2020-12-21
935,report 935,This report might contain malware so please be careful,Critical,2018-01-28,2020-09-26
936,report 936,The ark is a source of unspeakable power and it has to be researched.,Low,2016-08-01,2020-01-27
937,report 937,The O'reilly group is still investigating this for CUI,Medium,2015-03-13,2021-11-24
938,report 938,Unknown Report,Medium,2016-03-07,2021-04-29
939,report 939,I am still working on this report,Low,2016-01-09,2021-03-22
940,report 940,The ark is a source of unspeakable power and it has to be researched.,Critical,2017-04-15,2020-10-17
941,report 941,The O'reilly group is still investigating this for CUI,Critical,2017-07-30,2020-01-27
942,report 942,This is description of this silly report,Low,2017-07-23,2020-08-14
943,report 943,This is description of this silly report,Low,2016-07-13,2020-07-15
944,report 944,This report might contain malware so please be careful,Low,2015-09-17,2021-06-18
945,report 945,The O'reilly group is still investigating this for CUI,Medium,2018-05-26,2020-11-15
946,report 946,The O'reilly group is still investigating this for CUI,Low,2018-09-01,2020-04-12
947,report 947,And, it will be researched.  I assure you, Dr. Jones.  We have top men working on it now.  Top men.,Critical,2018-07-15,2021-07-29
948,report 948,And, it will be researched.  I assure you, Dr. Jones.  We have top men working on it now.  Top men.,Medium,2016-02-29,2020-02-09
949,report 949,Unknown Report,Critical,2019-07-13,2021-06-23
950,report 950,And, it will be researched.  I assure you, Dr. Jones.  We have top men working on it now.  Top men.,Critical,2016-06-12,2020-03-25
951,report 951,I am still working on this report,High,2015-07-23,2021-05-18
952,report 952,This report might contain malware so please be careful,Medium,2017-06-28,2021-12-22
953,report 953,I am still working on this report,High,2015-12-16,2021-08-31
954,report 954,Unknown Report,Medium,2017-07-22,2020-01-09
955,report 955,The O'reilly group is still investigating this for CUI,Critical,2015-08-17,2021-04-08
956,report 956,This is description of this silly report,Low,2015-05-10,2021-04-26
957,report 957,This is description of this silly report,High,2016-04-11,2021-09-08
958,report 958,This report might contain malware so please be careful,High,2017-09-10,2020-01-31
959,report 959,Unknown Report,High,2019-12-26,2021-07-21
960,report 960,The O'reilly group is still investigating this for CUI,Critical,2016-05-18,2021-11-08
961,report 961,This is description of this silly report,Critical,2015-10-22,2020-12-11
962,report 962,I am still working on this report,Critical,2017-06-20,2021-01-13
963,report 963,This is description of this silly report,Critical,2019-12-18,2021-03-07
964,report 964,This report might contain malware so please be careful,Medium,2015-11-16,2020-07-21
965,report 965,This is description of this silly report,High,2016-10-23,2020-06-25
966,report 966,This is description of this silly report,Low,2018-02-22,2020-02-02
967,report 967,This report might contain malware so please be careful,Low,2019-03-17,2020-10-19
968,report 968,Unknown Report,Medium,2018-05-06,2021-08-30
969,report 969,The ark is a source of unspeakable power and it has to be researched.,Critical,2017-02-22,2021-04-27
970,report 970,The ark is a source of unspeakable power and it has to be researched.,Low,2017-11-20,2020-11-29
971,report 971,The ark is a source of unspeakable power and it has to be researched.,Medium,2018-03-28,2021-04-16
972,report 972,This is description of this silly report,Critical,2018-06-09,2021-08-14
973,report 973,The ark is a source of unspeakable power and it has to be researched.,High,2018-07-03,2020-05-30
974,report 974,I am still working on this report,Medium,2017-04-23,2020-12-13
975,report 975,I am still working on this report,High,2016-02-15,2020-10-21
976,report 976,And, it will be researched.  I assure you, Dr. Jones.  We have top men working on it now.  Top men.,Low,2018-06-02,2020-07-07
977,report 977,The ark is a source of unspeakable power and it has to be researched.,Low,2016-12-30,2021-06-09
978,report 978,This report might contain malware so please be careful,Critical,2018-01-31,2021-09-20
979,report 979,And, it will be researched.  I assure you, Dr. Jones.  We have top men working on it now.  Top men.,Low,2019-12-16,2020-10-09
980,report 980,And, it will be researched.  I assure you, Dr. Jones.  We have top men working on it now.  Top men.,High,2019-12-14,2020-06-11
981,report 981,The O'reilly group is still investigating this for CUI,Critical,2018-08-25,2021-01-19
982,report 982,This is description of this silly report,Critical,2017-01-04,2020-07-08
983,report 983,This report might contain malware so please be careful,Critical,2018-02-02,2021-11-01
984,report 984,This is description of this silly report,Medium,2015-01-19,2021-11-28
985,report 985,This is description of this silly report,High,2019-11-03,2020-01-13
986,report 986,Unknown Report,Critical,2018-01-09,2020-08-13
987,report 987,Unknown Report,Critical,2019-11-11,2021-12-07
988,report 988,The ark is a source of unspeakable power and it has to be researched.,Low,2019-05-22,2021-08-26
989,report 989,Unknown Report,High,2018-05-17,2021-03-26
990,report 990,The ark is a source of unspeakable power and it has to be researched.,Low,2019-10-14,2021-06-02
991,report 991,This report might contain malware so please be careful,Critical,2017-02-08,2021-02-15
992,report 992,This is description of this silly report,Critical,2018-07-30,2021-07-07
993,report 993,This report might contain malware so please be careful,Critical,2016-09-09,2020-09-21
994,report 994,This is description of this silly report,High,2015-01-20,2020-11-11
995,report 995,I am still working on this report,Critical,2015-08-15,2021-01-16
996,report 996,I am still working on this report,Low,2017-05-09,2021-10-13
997,report 997,This is description of this silly report,Medium,2015-11-16,2020-02-16
998,report 998,This report might contain malware so please be careful,Medium,2017-01-06,2020-07-19
999,report 999,This is description of this silly report,Medium,2018-05-14,2021-04-04
1000,report 1000,This is description of this silly report,Medium,2018-05-06,2020-12-15
